Date,Items,Type,Total,Wallet,
,,,,Change,Balance
"28 Aug, 2024",Risk of Rain 2,Purchase,$4.12 USD,,
,,Visa **08,,,
"16 Jul, 2024",Chained Together,Purchase,$2.99 USD,,
,,Visa **08,,,
"8 Jul, 2024",Castle Crashers,Purchase,$0.79 USD,,
,,Visa **08,,,
"1 Jul, 2024",PlateUp!,Purchase,$3.56 USD,,
,,Visa **08,,,
"16 Jun, 2024",Supermarket Simulator,Refund,$3.99 USD,,
,Refund,Visa **08,,,
"15 Jun, 2024",Supermarket Simulator,Purchase,$3.99 USD,,
,,Visa **08,,,
"11 Apr, 2024",Content Warning,Purchase,$4.49 USD,,
,,Visa **08,,,
"19 Jan, 2024",Lethal Company,Purchase,$5.79 USD,-$0.56 USD,$0.00 USD
,,$0.56 USD Wallet,,,
,,$5.23 USD Visa,,,
"21 Nov, 2023",Currency Conversion to USD (Turkey),Conversion,,,$0.56 USD
,,Wallet,,,
"28 Sep, 2023",Steam Community Market,Market Transaction,"16,17 TL","+16,17 TL","16,17 TL"
,,Wallet,Credit,,
"2 Sep, 2023",The Wandering Village,Purchase,"30,00 TL",,
,,"0,90 TL Wallet",,,
,,"29,10 TL Visa",,,
"25 Aug, 2023",ROUNDS,Purchase,"5,75 TL","-5,75 TL","0,90 TL"
,,Wallet,,,
"25 Aug, 2023",Steam Community Market,Market Transaction,"1,31 TL","+1,31 TL","6,65 TL"
,,Wallet,Credit,,
"24 Aug, 2023",Destiny 2,In-Game Purchase,"99,99 TL","-99,99 TL","5,34 TL"
,2300 Destiny 2 Silver,Wallet,,,
"28 Jul, 2023",Valheim,Refund,"100,00 TL","+100,00 TL","105,33 TL"
,Refund,Wallet Credit,,,
"27 Jul, 2023",Valheim,Purchase,"100,00 TL","-100,00 TL","5,33 TL"
,,Wallet,,,
"19 Jul, 2023",Don't Starve Together,Refund,"8,16 TL","+8,16 TL","105,33 TL"
,Picture,Wallet Credit,,,
,Gift sent to Caaker_14,,,,
,Refund,,,,
"25 Jun, 2023",Steam Community Market,2 Market Transactions,"8,77 TL","+8,77 TL","97,17 TL"
,,Wallet,Credit,,
"22 Jun, 2023",Steam Community Market,2 Market Transactions,"53,17 TL","+53,17 TL","88,40 TL"
,,Wallet,Credit,,
"18 Jun, 2023",Don't Starve Together,Gift Purchase,"8,16 TL","-8,16 TL","35,23 TL"
,Picture,Wallet,,,
,Gift sent to Caaker_14,,,,
"13 Jun, 2023",Steam Community Market,Market Transaction,"37,40 TL","+37,40 TL","43,39 TL"
,,Wallet,Credit,,
"25 May, 2023",Destiny 2,In-Game Purchase,"74,99 TL","-74,99 TL","5,99 TL"
,1700 Destiny 2 Silver,Wallet,,,
"20 May, 2023",A Way Out,Purchase,"39,80 TL","-39,80 TL","80,98 TL"
,,Wallet,,,
"31 Mar, 2023",Destiny 2,In-Game Purchase,"149,99 TL","-149,99 TL","120,78 TL"
,3500 Destiny 2 Silver,Wallet,,,
"29 Mar, 2023",Counter-Strike 2,In-Game Purchase,"45,50 TL","-45,50 TL","270,77 TL"
,Prisma 2 Case Key,Wallet,,,
"29 Mar, 2023",Steam Community Market,2 Market Transactions,"12,95 TL","-12,95 TL","316,27 TL"
,,Wallet,,,
"29 Mar, 2023",Steam Community Market,Market Transaction,"47,57 TL","+47,57 TL","329,22 TL"
,,Wallet,Credit,,
"27 Feb, 2023",Destiny 2: Bungie 30th Anniversary Pack,Purchase,"38,00 TL","-38,00 TL","281,65 TL"
,,Wallet,,,
"27 Feb, 2023",Destiny 2: Shadowkeep Pack,Purchase,"31,35 TL","-31,35 TL","319,65 TL"
,,Wallet,,,
"26 Feb, 2023",Destiny 2: Lightfall,Purchase,"449,00 TL","-449,00 TL","351,00 TL"
,,Wallet,,,
"26 Feb, 2023","Purchased 800,00 TL Wallet Credit",Purchase,"800,00 TL","+800,00 TL","800,00 TL"
,,MasterCard **14,,,
"24 Jan, 2023",Pummel Party,Purchase,"25,00 TL",,
,,Visa **47,,,
"18 Jan, 2023",Destiny 2,In-Game Purchase,"49,99 TL","-49,99 TL","0,00 TL"
,1100 Destiny 2 Silver,Wallet,,,
"18 Jan, 2023","Purchased 49,99 TL Wallet Credit",Purchase,"49,99 TL","+49,99 TL","49,99 TL"
,,Visa **47,,,
"9 Aug, 2022",Project Winter,Purchase,"38,67 TL",,
,Project Winter - Blackout,Visa **17,,,
"31 Jul, 2022",Hades,Purchase,"24,00 TL",,
,,Visa **17,,,
"17 Jul, 2022",Europa Universalis IV - Expansion Subscription: 3 Months (Initial),In-Game Purchase,"29,40 TL",,
,Europa Universalis IV,Visa **17,,,
,Europa Universalis IV Expansion Subscription: 3 Months,,,,
"1 Jul, 2022",Feign,Purchase,"11,70 TL",,
,,Visa **17,,,
"26 Jun, 2022",Destiny 2: The Witch Queen,Purchase,"143,90 TL","-3,20 TL","0,00 TL"
,Destiny 2: Beyond Light Pack,"3,20 TL Wallet",,,
,,"140,70 TL Visa",,,
"21 Jun, 2022",Deep Rock Galactic,Purchase,"16,50 TL",,
,,Visa **17,,,
"18 May, 2021",Brawlhalla,In-Game Purchase,"10,80 TL","-10,80 TL","3,20 TL"
,140 Mammoth Coins,Wallet,,,
"18 May, 2021",Brawlhalla,In-Game Purchase,"36,00 TL","-36,00 TL","14,00 TL"
,540 Mammoth Coins,Wallet,,,
"18 May, 2021","Purchased 50,00 TL Wallet Credit",Purchase,"50,00 TL","+50,00 TL","50,00 TL"
,,Visa **17,,,
"3 Jan, 2021",Europa Universalis IV: Golden Century,Purchase,"53,75 TL","-7,70 TL","0,00 TL"
,Europa Universalis IV: Conquest of Paradise,"7,70 TL Wallet",,,
,Europa Universalis IV: Mare Nostrum,"46,05 TL Visa",,,
,Europa Universalis IV: Res Publica,,,,
,Europa Universalis IV: The Cossacks,,,,
"27 Dec, 2020",Europa Universalis IV: Wealth of Nations,Purchase,"25,00 TL","-25,00 TL","7,70 TL"
,Europa Universalis IV: Emperor,Wallet,,,
"23 Dec, 2020",Europa Universalis IV: Art of War,Purchase,"38,70 TL","-38,70 TL","32,70 TL"
,Europa Universalis IV: Common Sense,Wallet,,,
,Europa Universalis IV: Rights of Man,,,,
"1 Dec, 2020",Total War: WARHAMMER II,Refund,"71,40 TL","+71,40 TL","71,40 TL"
,Refund,"69,43 TL Wallet",,,
,,"1,97 TL Visa",,,
"30 Nov, 2020",Total War: WARHAMMER II,Purchase,"71,40 TL","-69,43 TL","0,00 TL"
,,"69,43 TL Wallet",,,
,,"1,97 TL Visa",,,
"27 Nov, 2020",F1 2020,Refund,"46,00 TL","+46,00 TL","69,43 TL"
,Refund,Wallet Credit,,,
"27 Nov, 2020",Europa Universalis IV Extreme Edition,Purchase,"16,25 TL","-16,25 TL","23,43 TL"
,,Wallet,,,
"27 Nov, 2020",F1 2020,Purchase,"46,00 TL",,
,,Visa **17,,,
"26 Nov, 2020",NARUTO TO BORUTO: SHINOBI STRIKER Deluxe Edition,Refund,"39,68 TL","+39,68 TL","39,68 TL"
,Refund,Wallet Credit,,,
"26 Nov, 2020",Hearts of Iron IV (OLD - DO NOT USE),Purchase,"14,75 TL",,
,,Visa **17,,,
"26 Nov, 2020",NARUTO TO BORUTO: SHINOBI STRIKER Deluxe Edition,Purchase,"39,68 TL",,
,,Visa **17,,,
"21 Sep, 2020",Among Us,Purchase,"10,50 TL",,
,,Visa **17,,,
"4 Aug, 2020",Fall Guys,Purchase,"38,00 TL",,
,,Visa **17,,,
"8 Jul, 2020",Rust,Refund,"30,50 TL",,
,Refund,Visa **17,,,
"7 Jul, 2020",Rust,Purchase,"30,50 TL",,
,,Visa **17,,,
"4 Jul, 2020",60 Parsecs!,Purchase,"15,41 TL","-4,51 TL","0,00 TL"
,60 Seconds! Reatomized,"4,51 TL Wallet",,,
,,"10,90 TL Visa",,,
"23 Jun, 2020",Steam Community Market,Market Transaction,"2,12 TL","+2,12 TL","4,51 TL"
,,Wallet,Credit,,
"13 Jun, 2020",Steam Community Market,Market Transaction,"0,37 TL","+0,37 TL","2,39 TL"
,,Wallet,Credit,,
"9 Jun, 2020",Steam Community Market,8 Market Transactions,"1,96 TL","+1,96 TL","2,02 TL"
,,Wallet,Credit,,
"9 Jun, 2020",Brawlhalla,In-Game Purchase,"23,40 TL","-23,40 TL","0,06 TL"
,340 Mammoth Coins,Wallet,,,
"9 Jun, 2020",Steam Community Market,41 Market Transactions,"19,51 TL","+19,51 TL","23,46 TL"
,,Wallet,Credit,,
"9 Jun, 2020",Brawlhalla,In-Game Purchase,"10,80 TL","-10,80 TL","3,95 TL"
,140 Mammoth Coins,Wallet,,,
"5 Jun, 2020",Hearts of Iron IV (OLD - DO NOT USE),Refund,"14,75 TL","+14,75 TL","14,75 TL"
,Refund,Wallet Credit,,,
"5 Jun, 2020",Hearts of Iron IV (OLD - DO NOT USE),Purchase,"14,75 TL",,
,,Visa **17,,,
"7 May, 2020",Brawlhalla,In-Game Purchase,"10,80 TL","-10,80 TL","0,00 TL"
,140 Mammoth Coins,Wallet,,,
"7 May, 2020","Purchased 10,80 TL Wallet Credit",Purchase,"10,80 TL","+10,80 TL","10,80 TL"
,,Visa **17,,,
"7 May, 2020",Brawlhalla,In-Game Purchase,"10,80 TL","-10,80 TL","0,00 TL"
,140 Mammoth Coins,Wallet,,,
"7 May, 2020","Purchased 10,80 TL Wallet Credit",Purchase,"10,80 TL","+10,80 TL","10,80 TL"
,,Visa **17,,,
"2 Apr, 2020",Subnautica,Purchase,"40,00 TL",,
,,Visa **17,,,
"23 Mar, 2020",Duck Game,Purchase,"4,20 TL",,
,,Visa **17,,,
"13 Mar, 2020",Destiny 2,In-Game Purchase,"49,99 TL","-49,99 TL","0,00 TL"
,1100 Destiny 2 Silver,Wallet,,,
"13 Mar, 2020","Purchased 49,99 TL Wallet Credit",Purchase,"49,99 TL","+49,99 TL","49,99 TL"
,,Visa **17,,,
"13 Mar, 2020",Destiny 2: Forsaken Pack,Purchase,"76,38 TL",,
,,Visa **17,,,
"5 Jul, 2019",NBA 2K19,In-Game Purchase,"148,99 TL","-148,99 TL","0,00 TL"
,"200,000 VC",Wallet,,,
"5 Jul, 2019","Purchased 148,99 TL Wallet Credit",Purchase,"148,99 TL","+148,99 TL","148,99 TL"
,,Visa **17,,,
"1 Jul, 2019",Esports Life Tycoon,Purchase,"20,00 TL","-20,00 TL","0,00 TL"
,,Wallet,,,
"1 Jul, 2019","Purchased 20,00 TL Wallet Credit",Purchase,"20,00 TL","+20,00 TL","20,00 TL"
,,Visa **17,,,
"25 Jun, 2019",Dead by Daylight - Demise of the Faithful,Purchase,"8,10 TL",,
,,Visa **17,,,
"21 Jun, 2019",Dead by Daylight,Purchase,"15,50 TL",,
,,Visa **17,,,
"16 Jun, 2019",Tom Clancy's Rainbow Six® Siege,In-Game Purchase,"25,99 TL","-25,99 TL","0,00 TL"
,1 x 600 Rainbow Credits,Wallet,,,
"16 Jun, 2019","Purchased 25,99 TL Wallet Credit",Purchase,"25,99 TL","+25,99 TL","25,99 TL"
,,Visa **17,,,
"20 Jan, 2019",Slime Rancher,Purchase,"31,00 TL","-3,02 TL","0,00 TL"
,,"3,02 TL Wallet",,,
,,"27,98 TL Visa",,,
"4 Jan, 2019",NBA 2K19,In-Game Purchase,"14,99 TL","-14,99 TL","3,02 TL"
,"15,000 VC",Wallet,,,
"4 Jan, 2019",NBA 2K19,In-Game Purchase,"30,00 TL","-30,00 TL","18,01 TL"
,"35,000 VC",Wallet,,,
"4 Jan, 2019",Tom Clancy's Ghost Recon® Wildlands,In-Game Purchase,"51,99 TL","-51,99 TL","48,01 TL"
,Tom Clancy's Ghost Recon Wildlands : Small Credits Pack,Wallet,,,
"3 Jan, 2019","Purchased 100,00 TL Wallet Credit",Purchase,"100,00 TL","+100,00 TL","100,00 TL"
,,Retail,,,
"22 Dec, 2018",Survivor Pass: Vikendi,Purchase,"44,99 TL",,
,,Visa **17,,,
"13 Dec, 2018",Tom Clancy's Ghost Recon Wildlands,Purchase,"61,25 TL",,
,,Visa **17,,,
"3 Dec, 2018",PLAYERUNKNOWN'S BATTLEGROUNDS - Worldwide Package,Gift Purchase,"87,00 TL","-0,38 TL","0,00 TL"
,Picture,"0,38 TL Wallet",,,
,Gift sent to Fishtart,"86,62 TL Visa",,,
"22 Nov, 2018",For Honor - Season Pass,Purchase,"212,01 TL","-212,01 TL","0,38 TL"
,For Honor : Marching Fire Expansion,Wallet,,,
,For Honor - Starter Edition,,,,
"22 Nov, 2018","Purchased 200,00 TL Wallet Credit",Purchase,"200,00 TL","+200,00 TL","212,39 TL"
,,Visa **17,,,
"10 Nov, 2018",Steam Community Market,Market Transaction,"0,30 TL","+0,30 TL","12,39 TL"
,,Wallet,Credit,,
"7 Nov, 2018",Steam Community Market,9 Market Transactions,"7,07 TL","+7,07 TL","12,09 TL"
,,Wallet,Credit,,
"7 Sep, 2018",NBA 2K19,In-Game Purchase,"14,99 TL","-14,99 TL","5,02 TL"
,"15,000 VC",Wallet,,,
"7 Sep, 2018",NBA 2K19,In-Game Purchase,"30,00 TL","-30,00 TL","20,01 TL"
,"35,000 VC",Wallet,,,
"7 Sep, 2018",NBA 2K19,In-Game Purchase,"59,99 TL","-59,99 TL","50,01 TL"
,"75,000 VC",Wallet,,,
"6 Sep, 2018","Purchased 10,00 TL Wallet Credit",Purchase,"10,00 TL","+10,00 TL","110,00 TL"
,,Visa **17,,,
"25 Aug, 2018","Purchased 100,00 TL Wallet Credit",Purchase,"100,00 TL","+100,00 TL","100,00 TL"
,,Visa **17,,,
"25 Aug, 2018",NBA 2K19 20th Anniversary Edition,Purchase,"340,00 TL","-0,85 TL","0,00 TL"
,,"0,85 TL Wallet",,,
,,"339,15 TL Visa",,,
"23 Jul, 2018",Business Tour - Board Game with Online Multiplayer,In-Game Purchase,$1.99 USD,"-9,52 TL","0,85 TL"
,Wallet of gold,Wallet,,,
"23 Jul, 2018","Purchased 10,00 TL Wallet Credit",Purchase,"10,00 TL","+10,00 TL","10,37 TL"
,,Visa **17,,,
"20 Jul, 2018",Business Tour - Board Game with Online Multiplayer,In-Game Purchase,$1.99 USD,"-9,63 TL","0,37 TL"
,Wallet of gold,Wallet,,,
"20 Jul, 2018","Purchased 10,00 TL Wallet Credit",Purchase,"10,00 TL","+10,00 TL","10,00 TL"
,,Visa **17,,,
"19 Jul, 2018",Business tour. Great Leaders: Caesar,Purchase,"13,50 TL","-10,20 TL","0,00 TL"
,,"10,20 TL Wallet",,,
,,"3,30 TL Visa",,,
"18 Jul, 2018","Purchased 10,00 TL Wallet Credit",Purchase,"10,00 TL","+10,00 TL","10,20 TL"
,,Visa **17,,,
"18 Jul, 2018",Business Tour - Board Game with Online Multiplayer,In-Game Purchase,$3.99 USD,"-19,30 TL","0,20 TL"
,Piggybank of gold,Wallet,,,
"30 Jun, 2018",Planet Nomads,Refund,"15,50 TL","+15,50 TL","19,50 TL"
,Refund,Wallet Credit,,,
"30 Jun, 2018",Planet Nomads,Purchase,"15,50 TL","-15,50 TL","4,00 TL"
,,Wallet,,,
"29 Jun, 2018",Osiris: New Dawn,Refund,"19,50 TL","+19,50 TL","19,50 TL"
,Refund,"17,60 TL Wallet",,,
,,"1,90 TL Visa",,,
"29 Jun, 2018",Osiris: New Dawn,Purchase,"19,50 TL","-17,60 TL","0,00 TL"
,,"17,60 TL Wallet",,,
,,"1,90 TL Visa",,,
"25 Jun, 2018",PUBG: BATTLEGROUNDS,In-Game Purchase,"11,77 TL","-11,77 TL","17,60 TL"
,AVIATOR KEY,Wallet,,,
"23 Jun, 2018",Event Pass: Sanhok,Purchase,"44,99 TL","-30,00 TL","29,37 TL"
,,"30,00 TL Wallet",,,
,,"14,99 TL Visa",,,
"23 Jun, 2018","Purchased 10,00 TL Wallet Credit",Purchase,"10,00 TL","+10,00 TL","59,37 TL"
,,Visa **17,,,
"23 Jun, 2018","Purchased 20,00 TL Wallet Credit",Purchase,"20,00 TL","+20,00 TL","49,37 TL"
,,Visa **17,,,
"23 Jun, 2018",ARK: Survival Evolved,Refund,"29,37 TL","+29,37 TL","29,37 TL"
,Refund,Wallet Credit,,,
"19 Jun, 2018",Tom Clancy's Rainbow Six® Siege,In-Game Purchase,"34,99 TL","-34,99 TL","0,00 TL"
,1200 Rainbow Credits,Wallet,,,
"19 Jun, 2018","Purchased 30,00 TL Wallet Credit",Purchase,"30,00 TL","+30,00 TL","34,99 TL"
,,Visa **17,,,
"15 Jun, 2018",Steam Community Market,Market Transaction,"4,36 TL","+4,36 TL","4,99 TL"
,,Wallet,Credit,,
"13 Jun, 2018",ARK: Survival Evolved,Purchase,"29,37 TL","-29,37 TL","0,63 TL"
,,Wallet,,,
"13 Jun, 2018","Purchased 10,00 TL Wallet Credit",Purchase,"10,00 TL","+10,00 TL","30,00 TL"
,,Visa **17,,,
"13 Jun, 2018","Purchased 20,00 TL Wallet Credit",Purchase,"20,00 TL","+20,00 TL","20,00 TL"
,,Visa **17,,,
"28 May, 2018",Tom Clancy's Rainbow Six® Siege,In-Game Purchase,"17,49 TL","-17,49 TL","0,00 TL"
,600 Rainbow Credits,Wallet,,,
"28 May, 2018","Purchased 17,49 TL Wallet Credit",Purchase,"17,49 TL","+17,49 TL","17,49 TL"
,,Visa **17,,,
"27 May, 2018",Tom Clancy's Rainbow Six® Siege,In-Game Purchase,"17,49 TL","-17,49 TL","0,00 TL"
,600 Rainbow Credits,Wallet,,,
"27 May, 2018","Purchased 16,49 TL Wallet Credit",Purchase,"16,49 TL","+16,49 TL","17,49 TL"
,,Visa **17,,,
"4 May, 2018",NBA 2K18,In-Game Purchase,"110,00 TL","-110,00 TL","1,00 TL"
,"200,000 VC",Wallet,,,
"4 May, 2018","Purchased 50,00 TL Wallet Credit",Purchase,"50,00 TL","+50,00 TL","111,00 TL"
,,Visa **17,,,
"4 May, 2018","Purchased 10,00 TL Wallet Credit",Purchase,"10,00 TL","+10,00 TL","61,00 TL"
,,Visa **17,,,
"4 May, 2018","Purchased 50,00 TL Wallet Credit",Purchase,"50,00 TL","+50,00 TL","51,00 TL"
,,Retail,,,
"1 May, 2018",NBA 2K18,In-Game Purchase,"49,00 TL","-49,00 TL","1,00 TL"
,"75,000 VC",Wallet,,,
"1 May, 2018","Purchased 50,00 TL Wallet Credit",Purchase,"50,00 TL","+50,00 TL","50,00 TL"
,,Visa **17,,,
"27 Apr, 2018",NBA 2K18,In-Game Purchase,"49,00 TL","-49,00 TL","0,00 TL"
,"75,000 VC",Wallet,,,
"27 Apr, 2018","Purchased 33,67 TL Wallet Credit",Purchase,"33,67 TL","+33,67 TL","49,00 TL"
,,Visa **17,,,
"13 Apr, 2018",NBA 2K18,In-Game Purchase,"25,00 TL","-25,00 TL","15,33 TL"
,"35,000 VC",Wallet,,,
"13 Apr, 2018","Purchased 20,00 TL Wallet Credit",Purchase,"20,00 TL","+20,00 TL","40,33 TL"
,,Visa **17,,,
"13 Apr, 2018","Purchased 20,00 TL Wallet Credit",Purchase,"20,00 TL","+20,00 TL","20,33 TL"
,,Visa **17,,,
"8 Apr, 2018",Steam Community Market,Market Transaction,"14,31 TL","-14,31 TL","0,33 TL"
,,Wallet,,,
"8 Apr, 2018",Steam Community Market,Market Transaction,"14,42 TL","+14,42 TL","14,64 TL"
,,Wallet,Credit,,
"3 Apr, 2018",PUBG: BATTLEGROUNDS,In-Game Purchase,"9,92 TL","-9,92 TL","0,22 TL"
,WEAPON SKIN KEY,Wallet,,,
"3 Apr, 2018",PUBG: BATTLEGROUNDS,In-Game Purchase,"9,92 TL","-9,92 TL","10,14 TL"
,WEAPON SKIN KEY,Wallet,,,
"3 Apr, 2018",Steam Community Market,Market Transaction,"15,78 TL","-15,78 TL","20,06 TL"
,,Wallet,,,
"2 Apr, 2018",Steam Community Market,5 Market Transactions,"35,27 TL","+35,27 TL","35,84 TL"
,,Wallet,Credit,,
"31 Mar, 2018",PUBG: BATTLEGROUNDS,In-Game Purchase,"9,89 TL","-9,89 TL","0,57 TL"
,WEAPON SKIN KEY,Wallet,,,
"31 Mar, 2018",Steam Community Market,Market Transaction,"20,33 TL","-20,33 TL","10,46 TL"
,,Wallet,,,
"30 Mar, 2018","Purchased 20,00 TL Wallet Credit",Purchase,"20,00 TL","+20,00 TL","30,79 TL"
,,Visa **17,,,
"30 Mar, 2018","Purchased 10,00 TL Wallet Credit",Purchase,"10,00 TL","+10,00 TL","10,79 TL"
,,Visa **17,,,
"27 Mar, 2018",Steam Community Market,3 Market Transactions,"19,88 TL","-19,88 TL","0,79 TL"
,,Wallet,,,
"27 Mar, 2018","Purchased 10,00 TL Wallet Credit",Purchase,"10,00 TL","+10,00 TL","20,67 TL"
,,Visa **17,,,
"24 Mar, 2018",PUBG: BATTLEGROUNDS,In-Game Purchase,"9,92 TL","-9,92 TL","10,67 TL"
,EARLY BIRD KEY,Wallet,,,
"24 Mar, 2018",PUBG: BATTLEGROUNDS,In-Game Purchase,"9,92 TL","-9,92 TL","20,59 TL"
,EARLY BIRD KEY,Wallet,,,
"24 Mar, 2018","Purchased 10,00 TL Wallet Credit",Purchase,"10,00 TL","+10,00 TL","30,51 TL"
,,Visa **17,,,
"24 Mar, 2018","Purchased 20,00 TL Wallet Credit",Purchase,"20,00 TL","+20,00 TL","20,51 TL"
,,Visa **17,,,
"11 Mar, 2018",Steam Community Market,Market Transaction,"0,82 TL","-0,82 TL","0,51 TL"
,,Wallet,,,
"9 Mar, 2018",Steam Community Market,Market Transaction,"3,22 TL","-3,22 TL","1,33 TL"
,,Wallet,,,
"9 Mar, 2018",PUBG: BATTLEGROUNDS,In-Game Purchase,"9,55 TL","-9,55 TL","4,55 TL"
,EARLY BIRD KEY,Wallet,,,
"9 Mar, 2018",Steam Community Market,Market Transaction,"1,06 TL","-1,06 TL","14,10 TL"
,,Wallet,,,
"9 Mar, 2018",PUBG: BATTLEGROUNDS,In-Game Purchase,"9,55 TL","-9,55 TL","15,16 TL"
,EARLY BIRD KEY,Wallet,,,
"9 Mar, 2018",PUBG: BATTLEGROUNDS,In-Game Purchase,"9,55 TL","-9,55 TL","24,71 TL"
,EARLY BIRD KEY,Wallet,,,
"9 Mar, 2018",PUBG: BATTLEGROUNDS,In-Game Purchase,"9,55 TL","-9,55 TL","34,26 TL"
,EARLY BIRD KEY,Wallet,,,
"9 Mar, 2018",Steam Community Market,3 Market Transactions,"3,21 TL","-3,21 TL","43,81 TL"
,,Wallet,,,
"8 Mar, 2018",SOS,Refund,"22,50 TL","+22,50 TL","47,02 TL"
,Refund,Wallet Credit,,,
"7 Mar, 2018",SOS,Purchase,"22,50 TL","-22,50 TL","24,52 TL"
,,Wallet,,,
"7 Mar, 2018",Steam Community Market,Market Transaction,"43,06 TL","+43,06 TL","47,02 TL"
,,Wallet,Credit,,
"7 Mar, 2018",Steam Community Market,Market Transaction,"1,40 TL","-1,40 TL","3,96 TL"
,,Wallet,,,
"5 Mar, 2018",Steam Community Market,Market Transaction,"37,85 TL","-37,85 TL","5,36 TL"
,,Wallet,,,
"5 Mar, 2018","Purchased 10,00 TL Wallet Credit",Purchase,"10,00 TL","+10,00 TL","43,21 TL"
,,Visa **17,,,
"4 Mar, 2018",Steam Community Market,Market Transaction,"57,01 TL","-57,01 TL","33,21 TL"
,,Wallet,,,
"4 Mar, 2018","Purchased 10,00 TL Wallet Credit",Purchase,"10,00 TL","+10,00 TL","90,22 TL"
,,Visa **17,,,
"4 Mar, 2018","Purchased 20,00 TL Wallet Credit",Purchase,"20,00 TL","+20,00 TL","80,22 TL"
,,Visa **17,,,
"4 Mar, 2018","Purchased 50,00 TL Wallet Credit",Purchase,"50,00 TL","+50,00 TL","60,22 TL"
,,Visa **17,,,
"3 Mar, 2018",Steam Community Market,Market Transaction,"51,00 TL","-51,00 TL","10,22 TL"
,,Wallet,,,
"2 Mar, 2018",Counter-Strike 2,In-Game Purchase,"9,50 TL","-9,50 TL","61,22 TL"
,eSports Key,Wallet,,,
"2 Mar, 2018",Steam Community Market,2 Market Transactions,"7,50 TL","-7,50 TL","70,72 TL"
,,Wallet,,,
"1 Mar, 2018",Steam Community Market,Market Transaction,"1,41 TL","+1,41 TL","78,22 TL"
,,Wallet,Credit,,
"1 Mar, 2018",Steam Community Market,Market Transaction,"13,36 TL","-13,36 TL","76,81 TL"
,,Wallet,,,
"1 Mar, 2018",Steam Community Market,Market Transaction,"68,81 TL","+68,81 TL","90,17 TL"
,,Wallet,Credit,,
"1 Mar, 2018","Purchased 10,00 TL Wallet Credit",Purchase,"10,00 TL","+10,00 TL","21,36 TL"
,,Visa **17,,,
"1 Mar, 2018",Steam Community Market,2 Market Transactions,"6,55 TL","+6,55 TL","11,36 TL"
,,Wallet,Credit,,
"25 Feb, 2018",Steam Community Market,Market Transaction,"1,88 TL","-1,88 TL","4,81 TL"
,,Wallet,,,
"25 Feb, 2018",Counter-Strike 2,In-Game Purchase,"9,50 TL","-9,50 TL","6,69 TL"
,Spectrum Case Key,Wallet,,,
"25 Feb, 2018",Steam Community Market,5 Market Transactions,"118,60 TL","-118,60 TL","16,19 TL"
,,Wallet,,,
"23 Feb, 2018","Purchased 20,00 TL Wallet Credit",Purchase,"20,00 TL","+20,00 TL","134,79 TL"
,,Visa **17,,,
"23 Feb, 2018","Purchased 20,00 TL Wallet Credit",Purchase,"20,00 TL","+20,00 TL","114,79 TL"
,,Visa **17,,,
"22 Feb, 2018","Purchased 20,00 TL Wallet Credit",Purchase,"20,00 TL","+20,00 TL","94,79 TL"
,,Visa **17,,,
"22 Feb, 2018","Purchased 20,00 TL Wallet Credit",Purchase,"20,00 TL","+20,00 TL","74,79 TL"
,,Visa **17,,,
"21 Feb, 2018",Steam Community Market,4 Market Transactions,"11,64 TL","+11,64 TL","54,79 TL"
,,Wallet,Credit,,
"15 Feb, 2018",Steam Community Market,13 Market Transactions,"31,28 TL","-31,28 TL","43,15 TL"
,,Wallet,,,
"15 Feb, 2018","Purchased 20,00 TL Wallet Credit",Purchase,"20,00 TL","+20,00 TL","74,43 TL"
,,Visa **17,,,
"15 Feb, 2018",Steam Community Market,10 Market Transactions,"8,00 TL","-8,00 TL","54,43 TL"
,,Wallet,,,
"14 Feb, 2018","Purchased 10,00 TL Wallet Credit",Purchase,"10,00 TL","+10,00 TL","62,43 TL"
,,Visa **17,,,
"11 Feb, 2018",Steam Community Market,5 Market Transactions,"35,68 TL","-35,68 TL","52,43 TL"
,,Wallet,,,
"11 Feb, 2018","Purchased 20,00 TL Wallet Credit",Purchase,"20,00 TL","+20,00 TL","88,11 TL"
,,Visa **17,,,
"10 Feb, 2018","Purchased 10,00 TL Wallet Credit",Purchase,"10,00 TL","+10,00 TL","68,11 TL"
,,Visa **17,,,
"10 Feb, 2018",PUBG: BATTLEGROUNDS,In-Game Purchase,"9,57 TL","-9,57 TL","58,11 TL"
,EARLY BIRD KEY,Wallet,,,
"4 Feb, 2018","Purchased 20,00 TL Wallet Credit",Purchase,"20,00 TL","+20,00 TL","67,68 TL"
,,Visa **17,,,
"4 Feb, 2018","Purchased 10,00 TL Wallet Credit",Purchase,"10,00 TL","+10,00 TL","47,68 TL"
,,Visa **17,,,
"3 Feb, 2018",PUBG: BATTLEGROUNDS,In-Game Purchase,"9,41 TL","-9,41 TL","37,68 TL"
,EARLY BIRD KEY,Wallet,,,
"27 Jan, 2018",PUBG: BATTLEGROUNDS,In-Game Purchase,"9,40 TL","-9,40 TL","47,09 TL"
,EARLY BIRD KEY,Wallet,,,
"20 Jan, 2018",PUBG: BATTLEGROUNDS,In-Game Purchase,"9,51 TL","-9,51 TL","56,49 TL"
,EARLY BIRD KEY,Wallet,,,
"15 Jan, 2018","Purchased 10,00 TL Wallet Credit",Purchase,"10,00 TL","+10,00 TL","66,00 TL"
,,Visa **17,,,
"15 Jan, 2018","Purchased 20,00 TL Wallet Credit",Purchase,"20,00 TL","+20,00 TL","56,00 TL"
,,Visa **17,,,
"12 Jan, 2018",NBA 2K18,In-Game Purchase,"49,00 TL","-49,00 TL","36,00 TL"
,"75,000 VC",Wallet,,,
"12 Jan, 2018","Purchased 20,00 TL Wallet Credit",Purchase,"20,00 TL","+20,00 TL","85,00 TL"
,,Visa **17,,,
"12 Jan, 2018","Purchased 20,00 TL Wallet Credit",Purchase,"20,00 TL","+20,00 TL","65,00 TL"
,,Visa **17,,,
"10 Jan, 2018",NBA 2K18,In-Game Purchase,"49,00 TL","-49,00 TL","45,00 TL"
,"75,000 VC",Wallet,,,
"10 Jan, 2018","Purchased 50,00 TL Wallet Credit",Purchase,"50,00 TL","+50,00 TL","94,00 TL"
,,Visa **17,,,
"31 Dec, 2017",Steam Community Market,3 Market Transactions,"0,47 TL","-0,47 TL","44,00 TL"
,,Wallet,,,
"28 Dec, 2017",Steam Community Market,3 Market Transactions,"55,54 TL","-55,54 TL","44,47 TL"
,,Wallet,,,
"27 Dec, 2017","Purchased 100,00 TL Wallet Credit",Purchase,"100,00 TL","+100,00 TL","100,01 TL"
,,Visa **17,,,
"28 Nov, 2017",Steam Community Market,Market Transaction,"0,01 TL","+0,01 TL","0,01 TL"
,,Wallet,Credit,,
"31 Oct, 2017",Don't Starve Together,Purchase,"15,60 TL","-0,64 TL","0,00 TL"
,,"0,64 TL Wallet",,,
,,"14,96 TL Visa",,,
"23 Oct, 2017",Steam Community Market,Market Transaction,"0,01 TL","+0,01 TL","0,64 TL"
,,Wallet,Credit,,
"14 Oct, 2017",Steam Community Market,Market Transaction,"0,01 TL","+0,01 TL","0,63 TL"
,,Wallet,Credit,,
"10 Oct, 2017",Steam Community Market,Market Transaction,"0,01 TL","+0,01 TL","0,62 TL"
,,Wallet,Credit,,
"2 Oct, 2017",Steam Community Market,Market Transaction,"0,03 TL","+0,03 TL","0,61 TL"
,,Wallet,Credit,,
"1 Oct, 2017",Steam Community Market,3 Market Transactions,"8,08 TL","-8,08 TL","0,58 TL"
,,Wallet,,,
"30 Sep, 2017",Steam Community Market,3 Market Transactions,"5,55 TL","+5,55 TL","8,66 TL"
,,Wallet,Credit,,
"15 Sep, 2017",NBA 2K18,In-Game Purchase,"12,00 TL","-12,00 TL","3,11 TL"
,"15,000 VC",Wallet,,,
"15 Sep, 2017",NBA 2K18,In-Game Purchase,"49,00 TL","-49,00 TL","15,11 TL"
,"75,000 VC",Wallet,,,
"15 Sep, 2017","Purchased 20,00 TL Wallet Credit",Purchase,"20,00 TL","+20,00 TL","64,11 TL"
,,Visa **17,,,
"15 Sep, 2017",NBA 2K18,In-Game Purchase,"110,00 TL","-110,00 TL","44,11 TL"
,"200,000 VC",Wallet,,,
"8 Sep, 2017","Purchased 10,00 TL Wallet Credit",Purchase,"10,00 TL","+10,00 TL","154,11 TL"
,,Visa **17,,,
"8 Sep, 2017","Purchased 50,00 TL Wallet Credit",Purchase,"50,00 TL","+50,00 TL","144,11 TL"
,,Visa **17,,,
"7 Sep, 2017",Steam Community Market,3 Market Transactions,"5,12 TL","+5,12 TL","94,11 TL"
,,Wallet,Credit,,
"30 Aug, 2017",Tom Clancy's Rainbow Six® Siege,In-Game Purchase,"9,99 TL","-9,99 TL","88,99 TL"
,Skin Amethyst,Wallet,,,
"29 Aug, 2017",Tom Clancy's Rainbow Six® Siege,In-Game Purchase,"9,99 TL","-9,99 TL","98,98 TL"
,Skin Emerald,Wallet,,,
"28 Aug, 2017",Steam Community Market,Market Transaction,"27,83 TL","+27,83 TL","108,97 TL"
,,Wallet,Credit,,
"27 Aug, 2017","Purchased 20,00 TL Wallet Credit",Purchase,"20,00 TL","+20,00 TL","81,14 TL"
,,Visa **17,,,
"20 Aug, 2017",NBA 2K18 - Legend Edition,Purchase,"340,00 TL","-340,00 TL","61,14 TL"
,,Wallet,,,
"20 Aug, 2017","Purchased 100,00 TL Wallet Credit",Purchase,"100,00 TL","+100,00 TL","401,14 TL"
,,Visa **17,,,
"20 Aug, 2017","Purchased 200,00 TL Wallet Credit",Purchase,"200,00 TL","+200,00 TL","301,14 TL"
,,Visa **17,,,
"9 Aug, 2017",Steam Community Market,10 Market Transactions,"29,15 TL","+29,15 TL","101,14 TL"
,,Wallet,Credit,,
"5 Aug, 2017",Steam Community Market,5 Market Transactions,"56,23 TL","+56,23 TL","71,99 TL"
,,Wallet,Credit,,
"30 Jul, 2017",Steam Community Market,3 Market Transactions,"19,13 TL","-19,13 TL","15,76 TL"
,,Wallet,,,
"29 Jul, 2017",Steam Community Market,3 Market Transactions,"21,42 TL","-21,42 TL","34,89 TL"
,,Wallet,,,
"28 Jul, 2017",Steam Community Market,2 Market Transactions,"1,50 TL","-1,50 TL","56,31 TL"
,,Wallet,,,
"27 Jul, 2017",Steam Community Market,Market Transaction,"57,61 TL","+57,61 TL","57,81 TL"
,,Wallet,Credit,,
"23 Jul, 2017",Steam Community Market,Market Transaction,"0,01 TL","+0,01 TL","0,20 TL"
,,Wallet,Credit,,
"17 Jul, 2017",Steam Community Market,Market Transaction,"0,18 TL","+0,18 TL","0,19 TL"
,,Wallet,Credit,,
"15 Jul, 2017",Steam Community Market,2 Market Transactions,"1,72 TL","-1,72 TL","0,01 TL"
,,Wallet,,,
"14 Jul, 2017",Steam Community Market,2 Market Transactions,"1,62 TL","+1,62 TL","1,73 TL"
,,Wallet,Credit,,
"13 Jul, 2017",Steam Community Market,6 Market Transactions,"0,06 TL","+0,06 TL","0,11 TL"
,,Wallet,Credit,,
"13 Jul, 2017",Steam Community Market,3 Market Transactions,"0,30 TL","-0,30 TL","0,05 TL"
,,Wallet,,,
"13 Jul, 2017",Steam Community Market,5 Market Transactions,"0,05 TL","+0,05 TL","0,35 TL"
,,Wallet,Credit,,
"11 Jul, 2017",Steam Community Market,Market Transaction,"0,85 TL","-0,85 TL","0,30 TL"
,,Wallet,,,
"11 Jul, 2017",Steam Community Market,Market Transaction,"0,98 TL","+0,98 TL","1,15 TL"
,,Wallet,Credit,,
"11 Jul, 2017",Steam Community Market,Market Transaction,"53,88 TL","-53,88 TL","0,17 TL"
,,Wallet,,,
"11 Jul, 2017",Steam Community Market,Market Transaction,"1,85 TL","+1,85 TL","54,05 TL"
,,Wallet,Credit,,
"11 Jul, 2017","Purchased 10,00 TL Wallet Credit",Purchase,"10,00 TL","+10,00 TL","52,20 TL"
,,Visa **17,,,
"11 Jul, 2017","Purchased 20,00 TL Wallet Credit",Purchase,"20,00 TL","+20,00 TL","42,20 TL"
,,Visa **17,,,
"11 Jul, 2017","Purchased 20,00 TL Wallet Credit",Purchase,"20,00 TL","+20,00 TL","22,20 TL"
,,Visa **17,,,
"9 Jul, 2017",Steam Community Market,3 Market Transactions,"1,55 TL","+1,55 TL","2,20 TL"
,,Wallet,Credit,,
"9 Jul, 2017",Steam Community Market,5 Market Transactions,"19,21 TL","-19,21 TL","0,65 TL"
,,Wallet,,,
"9 Jul, 2017",Steam Community Market,Market Transaction,"0,01 TL","+0,01 TL","19,86 TL"
,,Wallet,Credit,,
"7 Jul, 2017",Steam Community Market,11 Market Transactions,"0,98 TL","+0,98 TL","19,85 TL"
,,Wallet,Credit,,
"7 Jul, 2017",Steam Community Market,Market Transaction,"1,12 TL","-1,12 TL","18,87 TL"
,,Wallet,,,
"7 Jul, 2017",Steam Community Market,7 Market Transactions,"0,88 TL","+0,88 TL","19,99 TL"
,,Wallet,Credit,,
"7 Jul, 2017",Steam Community Market,Market Transaction,"26,47 TL","-26,47 TL","19,11 TL"
,,Wallet,,,
"7 Jul, 2017",Steam Community Market,10 Market Transactions,"3,01 TL","+3,01 TL","45,58 TL"
,,Wallet,Credit,,
"7 Jul, 2017",Steam Community Market,4 Market Transactions,"14,03 TL","-14,03 TL","42,57 TL"
,,Wallet,,,
"7 Jul, 2017",Rocket League&amp;reg;,Refund,"18,60 TL","+18,60 TL","56,60 TL"
,Refund,Wallet Credit,,,
"6 Jul, 2017",Passpartout,Refund,"18,00 TL","+18,00 TL","38,00 TL"
,Refund,Wallet Credit,,,
"6 Jul, 2017","Purchased 20,00 TL Wallet Credit",Purchase,"20,00 TL","+20,00 TL","20,00 TL"
,,Visa **17,,,
"6 Jul, 2017",Passpartout,Purchase,"18,00 TL","-18,00 TL","0,00 TL"
,,Wallet,,,
"5 Jul, 2017",Passpartout,Refund,"18,00 TL","+18,00 TL","18,00 TL"
,Refund,"0,24 TL Wallet",,,
,,"17,76 TL Visa",,,
"5 Jul, 2017",Passpartout,Purchase,"18,00 TL","-0,24 TL","0,00 TL"
,,"0,24 TL Wallet",,,
,,"17,76 TL Visa",,,
"5 Jul, 2017",Steam Community Market,Market Transaction,"0,04 TL","-0,04 TL","0,24 TL"
,,Wallet,,,
"29 Jun, 2017",Left 4 Dead 2,Purchase,"3,10 TL","-3,10 TL","0,28 TL"
,,Wallet,,,
"28 Jun, 2017",Steam Community Market,Market Transaction,"0,39 TL","+0,39 TL","3,38 TL"
,,Wallet,Credit,,
"23 Jun, 2017",Steam Community Market,3 Market Transactions,"2,99 TL","+2,99 TL","2,99 TL"
,,Wallet,Credit,,
"23 Jun, 2017",NARUTO SHIPPUDEN: Ultimate Ninja STORM 4 -Shikamaru's Tale Extra Scenario Pack,Purchase,"62,81 TL","-34,20 TL","0,00 TL"
,NARUTO SHIPPUDEN: Ultimate Ninja STORM 4 - Gaara's Tale Extra Scenario Pack,"34,20 TL Wallet",,,
,NARUTO SHIPPUDEN: Ultimate Ninja STORM 4 - The Sound Four Characters Pack,"28,61 TL Visa",,,
,NARUTO SHIPPUDEN: Ultimate Ninja STORM 4,,,,
,NARUTO STORM 4 : Road to Boruto Expansion,,,,
"23 Jun, 2017",Rocket League&amp;reg;,Purchase,"18,60 TL","-18,60 TL","34,20 TL"
,,Wallet,,,
"23 Jun, 2017",This War of Mine,Purchase,"6,20 TL","-6,20 TL","52,80 TL"
,,Wallet,,,
"21 Jun, 2017",Friday the 13th: The Game,Refund,"59,00 TL","+59,00 TL","59,00 TL"
,Refund,"23,65 TL Wallet",,,
,,"35,35 TL Visa",,,
"20 Jun, 2017",Friday the 13th: The Game,Purchase,"59,00 TL","-23,65 TL","0,00 TL"
,,"23,65 TL Wallet",,,
,,"35,35 TL Visa",,,
"15 Jun, 2017",Steam Community Market,6 Market Transactions,"23,65 TL","+23,65 TL","23,65 TL"
,,Wallet,Credit,,
"15 Jun, 2017",Grand Theft Auto V,In-Game Purchase,"25,99 TL","-25,99 TL","0,00 TL"
,Great White Shark Cash Card,Wallet,,,
"15 Jun, 2017","Purchased 25,49 TL Wallet Credit",Purchase,"25,49 TL","+25,49 TL","25,99 TL"
,,Visa **17,,,
"15 Jun, 2017",Grand Theft Auto V,In-Game Purchase,"6,49 TL","-6,49 TL","0,50 TL"
,Tiger Shark Cash Card,Wallet,,,
"15 Jun, 2017",Steam Community Market,3 Market Transactions,"6,99 TL","+6,99 TL","6,99 TL"
,,Wallet,Credit,,
"14 Jun, 2017",Grand Theft Auto V,Purchase,"179,00 TL","-0,04 TL","0,00 TL"
,,"0,04 TL Wallet",,,
,,"178,96 TL Visa",,,
"11 Jun, 2017",Steam Community Market,Market Transaction,"3,83 TL","-3,83 TL","0,04 TL"
,,Wallet,,,
"10 Jun, 2017",Steam Community Market,4 Market Transactions,"2,65 TL","+2,65 TL","3,87 TL"
,,Wallet,Credit,,
"8 Jun, 2017",Counter-Strike 2,In-Game Purchase,"9,15 TL","-9,15 TL","1,22 TL"
,Gamma Case Key,Wallet,,,
"7 Jun, 2017",Steam Community Market,Market Transaction,"9,18 TL","+9,18 TL","10,37 TL"
,,Wallet,Credit,,
"7 Jun, 2017",Counter-Strike 2,In-Game Purchase,"9,15 TL","-9,15 TL","1,19 TL"
,Glove Case Key,Wallet,,,
"7 Jun, 2017",Steam Community Market,Market Transaction,"3,97 TL","+3,97 TL","10,34 TL"
,,Wallet,Credit,,
"7 Jun, 2017",Counter-Strike 2,In-Game Purchase,"9,15 TL","-9,15 TL","6,37 TL"
,Glove Case Key,Wallet,,,
"7 Jun, 2017",Steam Community Market,3 Market Transactions,"0,15 TL","-0,15 TL","15,52 TL"
,,Wallet,,,
"7 Jun, 2017",Steam Community Market,5 Market Transactions,"15,65 TL","+15,65 TL","15,67 TL"
,,Wallet,Credit,,
"7 Jun, 2017",Counter-Strike 2,In-Game Purchase,"18,30 TL","-18,30 TL","0,02 TL"
,2 Operation Hydra Case Key,Wallet,,,
"7 Jun, 2017",Steam Community Market,2 Market Transactions,"4,19 TL","-4,19 TL","18,32 TL"
,,Wallet,,,
"7 Jun, 2017","Purchased 20,00 TL Wallet Credit",Purchase,"20,00 TL","+20,00 TL","22,51 TL"
,,Visa **17,,,
"2 Jun, 2017",Steam Community Market,Market Transaction,"2,59 TL","-2,59 TL","2,51 TL"
,,Wallet,,,
"2 Jun, 2017",Counter-Strike 2,In-Game Purchase,"3,65 TL","-3,65 TL","5,10 TL"
,Enfu Sticker Capsule,Wallet,,,
"2 Jun, 2017",Counter-Strike 2,In-Game Purchase,"3,65 TL","-3,65 TL","8,75 TL"
,Sugarface Sticker Capsule,Wallet,,,
"2 Jun, 2017",Steam Community Market,Market Transaction,"4,54 TL","-4,54 TL","12,40 TL"
,,Wallet,,,
"2 Jun, 2017",Counter-Strike 2,In-Game Purchase,"22,00 TL","-22,00 TL","16,94 TL"
,Operation Hydra Access Pass,Wallet,,,
"2 Jun, 2017",Counter-Strike 2,In-Game Purchase,"9,15 TL","-9,15 TL","38,94 TL"
,Glove Case Key,Wallet,,,
"2 Jun, 2017",ASTRONEER,Purchase,"32,50 TL","-32,50 TL","48,09 TL"
,,Wallet,,,
"2 Jun, 2017",Steam Community Market,Market Transaction,"77,58 TL","+77,58 TL","80,59 TL"
,,Wallet,Credit,,
"30 May, 2017",Tom Clancy's Rainbow Six Siege,Purchase,"139,00 TL","-139,00 TL","3,01 TL"
,,Wallet,,,
"30 May, 2017","Purchased 50,00 TL Wallet Credit",Purchase,"50,00 TL","+50,00 TL","142,01 TL"
,,Visa **17,,,
"30 May, 2017",Steam Community Market,2 Market Transactions,"91,75 TL","+91,75 TL","92,01 TL"
,,Wallet,Credit,,
"27 May, 2017",Steam Community Market,Market Transaction,"0,58 TL","-0,58 TL","0,26 TL"
,,Wallet,,,
"23 May, 2017",Steam Community Market,5 Market Transactions,"9,80 TL","-9,80 TL","0,84 TL"
,,Wallet,,,
"23 May, 2017","Purchased 10,00 TL Wallet Credit",Purchase,"10,00 TL","+10,00 TL","10,64 TL"
,,MasterCard **28,,,
"23 May, 2017",Steam Community Market,34 Market Transactions,"60,29 TL","-60,29 TL","0,64 TL"
,,Wallet,,,
"20 May, 2017","Purchased 10,00 TL Wallet Credit",Purchase,"10,00 TL","+10,00 TL","60,93 TL"
,,MasterCard **28,,,
"20 May, 2017","Purchased 50,00 TL Wallet Credit",Purchase,"50,00 TL","+50,00 TL","50,93 TL"
,,MasterCard **28,,,
"20 May, 2017",Steam Community Market,Market Transaction,"9,56 TL","-9,56 TL","0,93 TL"
,,Wallet,,,
"20 May, 2017",Steam Community Market,Market Transaction,"10,01 TL","+10,01 TL","10,49 TL"
,,Wallet,Credit,,
"20 May, 2017",PAYDAY 2: John Wick Weapon Pack,Purchase,"9,52 TL","-9,52 TL","0,48 TL"
,PAYDAY 2: Biker Character Pack,Wallet,,,
,PAYDAY 2: Yakuza Character Pack,,,,
,PAYDAY 2: The Butcher's BBQ Pack,,,,
,PAYDAY 2: The OVERKILL Pack,,,,
,PAYDAY 2: The OVERKILL B-Sides Soundtrack,,,,
,PAYDAY 2: The Official Soundtrack,,,,
"20 May, 2017","Purchased 10,00 TL Wallet Credit",Purchase,"10,00 TL","+10,00 TL","10,00 TL"
,,MasterCard **05,,,
"19 May, 2017",PAYDAY 2: Gage Mod Courier,Purchase,"1,02 TL",,
,,MasterCard **05,,,
"19 May, 2017",PAYDAY 2: The Butcher's AK/CAR Mod Pack,Purchase,"1,50 TL","-0,39 TL","0,00 TL"
,,"0,39 TL Wallet",,,
,,"1,11 TL MasterCard",,,
"19 May, 2017",PAYDAY 2: Gage Ninja Pack,Purchase,"1,50 TL","-0,50 TL","0,39 TL"
,,"0,50 TL Wallet",,,
,,"1,00 TL MasterCard",,,
"19 May, 2017",PAYDAY 2: The Biker Heist,Purchase,"11,34 TL","-11,34 TL","0,89 TL"
,PAYDAY 2: The Bomb Heists,Wallet,,,
,PAYDAY 2: The Goat Simulator Heist,,,,
,PAYDAY 2: The Butcher's Western Pack,,,,
,PAYDAY 2: Gage Shotgun Pack,,,,
,PAYDAY 2: Gage Historical Pack,,,,
,PAYDAY 2: The Point Break Heists,,,,
"19 May, 2017",PAYDAY 2: The Alesso Heist,Purchase,"4,17 TL","-4,17 TL","12,23 TL"
,PAYDAY 2: Gage Sniper Pack,Wallet,,,
,PAYDAY 2: Hotline Miami,,,,
"19 May, 2017",PAYDAY 2: The Diamond Heist,Purchase,"1,20 TL","-1,20 TL","16,40 TL"
,,Wallet,,,
"19 May, 2017",PAYDAY 2: The Wolf Pack,Purchase,"1,95 TL","-1,95 TL","17,60 TL"
,,Wallet,,,
"19 May, 2017",PAYDAY 2: Gage Spec Ops Pack,Purchase,"1,50 TL","-1,50 TL","19,55 TL"
,,Wallet,,,
"19 May, 2017",PAYDAY 2: Scarface Heist,Purchase,"1,95 TL","-1,95 TL","21,05 TL"
,,Wallet,,,
"19 May, 2017",PAYDAY 2: Gage Chivalry Pack,Purchase,"1,50 TL","-1,50 TL","23,00 TL"
,,Wallet,,,
"19 May, 2017",PAYDAY 2: Gage Weapon Pack #02,Purchase,"1,02 TL","-1,02 TL","24,50 TL"
,,Wallet,,,
"19 May, 2017",PAYDAY 2: The Golden Grin Casino Heist,Purchase,"1,95 TL","-1,95 TL","25,52 TL"
,,Wallet,,,
"19 May, 2017",PAYDAY 2: Gage Weapon Pack #01,Purchase,"1,02 TL","-1,02 TL","27,47 TL"
,,Wallet,,,
"19 May, 2017",PAYDAY 2: Clover Character Pack,Purchase,"1,02 TL","-1,02 TL","28,49 TL"
,,Wallet,,,
"18 May, 2017",PAYDAY 2: Scarface Character Pack,Purchase,"1,50 TL","-1,50 TL","29,51 TL"
,,Wallet,,,
"18 May, 2017",Payday 2: Armored Transport Steam Store and Retail Key,Purchase,"1,20 TL","-1,20 TL","31,01 TL"
,,Wallet,,,
"18 May, 2017",PAYDAY 2: Gage Assault Pack,Purchase,"1,02 TL","-1,02 TL","32,21 TL"
,,Wallet,,,
"18 May, 2017",PAYDAY 2: Sokol Character Pack,Purchase,"1,50 TL","-1,50 TL","33,23 TL"
,,Wallet,,,
"18 May, 2017",PAYDAY 2: Dragan Character Pack,Purchase,"1,50 TL","-1,50 TL","34,73 TL"
,,Wallet,,,
"18 May, 2017",PAYDAY 2 - Pre-2024-08,Gift Purchase,"31,00 TL","-31,00 TL","36,23 TL"
,Picture,Wallet,,,
,Gift sent to Triplet-???-,,,,
"18 May, 2017",PAYDAY 2: The Big Bank Heist,Purchase,"1,20 TL","-1,20 TL","67,23 TL"
,,Wallet,,,
"18 May, 2017",Counter-Strike 2,In-Game Purchase,"7,30 TL","-7,30 TL","68,43 TL"
,Name Tag,Wallet,,,
"18 May, 2017",Counter-Strike 2,In-Game Purchase,"7,30 TL","-7,30 TL","75,73 TL"
,Name Tag,Wallet,,,
"18 May, 2017",Counter-Strike 2,In-Game Purchase,"7,30 TL","-7,30 TL","83,03 TL"
,Name Tag,Wallet,,,
"17 May, 2017",PAYDAY 2: John Wick Heists,Purchase,"1,95 TL","-1,95 TL","90,33 TL"
,,Wallet,,,
"17 May, 2017",PAYDAY 2: Sydney Character Pack,Purchase,"1,50 TL","-1,50 TL","92,28 TL"
,,Wallet,,,
"17 May, 2017",PAYDAY 2: Gage Russian Weapon Pack,Purchase,"1,50 TL","-1,50 TL","93,78 TL"
,,Wallet,,,
"16 May, 2017",Steam Community Market,Market Transaction,"1,19 TL","+1,19 TL","95,28 TL"
,,Wallet,Credit,,
"16 May, 2017","Purchased 10,00 TL Wallet Credit",Purchase,"10,00 TL","+10,00 TL","94,09 TL"
,,MasterCard **05,,,
"16 May, 2017","Purchased 20,00 TL Wallet Credit",Purchase,"20,00 TL","+20,00 TL","84,09 TL"
,,MasterCard **05,,,
"16 May, 2017","Purchased 50,00 TL Wallet Credit",Purchase,"50,00 TL","+50,00 TL","64,09 TL"
,,MasterCard **05,,,
"16 May, 2017",Steam Community Market,Market Transaction,"4,83 TL","+4,83 TL","14,09 TL"
,,Wallet,Credit,,
"16 May, 2017",Steam Community Market,8 Market Transactions,"198,86 TL","-198,86 TL","9,26 TL"
,,Wallet,,,
"14 May, 2017","Purchased 50,00 TL Wallet Credit",Purchase,"50,00 TL","+50,00 TL","208,12 TL"
,,Retail,,,
"14 May, 2017","Purchased 25,00 TL Wallet Credit",Purchase,"25,00 TL","+25,00 TL","158,12 TL"
,,Retail,,,
"14 May, 2017","Purchased 50,00 TL Wallet Credit",Purchase,"50,00 TL","+50,00 TL","133,12 TL"
,,Retail,,,
"13 May, 2017","Purchased 50,00 TL Wallet Credit",Purchase,"50,00 TL","+50,00 TL","83,12 TL"
,,MasterCard **26,,,
"13 May, 2017",Counter-Strike 2,In-Game Purchase,"9,15 TL","-9,15 TL","33,12 TL"
,Chroma 3 Case Key,Wallet,,,
"12 May, 2017",Counter-Strike 2,In-Game Purchase,"18,30 TL","-18,30 TL","42,27 TL"
,2 Chroma 3 Case Key,Wallet,,,
"12 May, 2017",Counter-Strike 2,In-Game Purchase,"9,15 TL","-9,15 TL","60,57 TL"
,Glove Case Key,Wallet,,,
"12 May, 2017","Purchased 50,00 TL Wallet Credit",Purchase,"50,00 TL","+50,00 TL","69,72 TL"
,,MasterCard **20,,,
"12 May, 2017",Steam Community Market,Market Transaction,"52,35 TL","-52,35 TL","19,72 TL"
,,Wallet,,,
"11 May, 2017","Purchased 10,00 TL Wallet Credit",Purchase,"10,00 TL","+10,00 TL","72,07 TL"
,,Visa **17,,,
"11 May, 2017","Purchased 10,00 TL Wallet Credit",Purchase,"10,00 TL","+10,00 TL","62,07 TL"
,,Visa **17,,,
"11 May, 2017","Purchased 50,00 TL Wallet Credit",Purchase,"50,00 TL","+50,00 TL","52,07 TL"
,,Visa **17,,,
"6 May, 2017",Counter-Strike 2,In-Game Purchase,"9,15 TL","-9,15 TL","2,07 TL"
,Glove Case Key,Wallet,,,
"6 May, 2017","Purchased 10,00 TL Wallet Credit",Purchase,"10,00 TL","+10,00 TL","11,22 TL"
,,Visa **17,,,
"6 May, 2017",Steam Community Market,2 Market Transactions,"5,76 TL","-5,76 TL","1,22 TL"
,,Wallet,,,
"6 May, 2017",Steam Community Market,2 Market Transactions,"5,55 TL","+5,55 TL","6,98 TL"
,,Wallet,Credit,,
"6 May, 2017",Steam Community Market,Market Transaction,"8,94 TL","-8,94 TL","1,43 TL"
,,Wallet,,,
"5 May, 2017","Purchased 10,00 TL Wallet Credit",Purchase,"10,00 TL","+10,00 TL","10,37 TL"
,,Visa **17,,,
"26 Apr, 2017",Steam Community Market,Market Transaction,"0,65 TL","-0,65 TL","0,37 TL"
,,Wallet,,,
"26 Apr, 2017",PLAYERUNKNOWN'S BATTLEGROUNDS - Worldwide Package,Purchase,"69,00 TL","-69,00 TL","1,02 TL"
,,Wallet,,,
"26 Apr, 2017",Steam Community Market,3 Market Transactions,"68,03 TL","+68,03 TL","70,02 TL"
,,Wallet,Credit,,
"25 Apr, 2017",Steam Community Market,Market Transaction,"1,98 TL","-1,98 TL","1,99 TL"
,,Wallet,,,
"25 Apr, 2017",Counter-Strike 2,In-Game Purchase,"9,15 TL","-9,15 TL","3,97 TL"
,Gamma Case Key,Wallet,,,
"25 Apr, 2017",Steam Community Market,Market Transaction,"13,31 TL","-13,31 TL","13,12 TL"
,,Wallet,,,
"25 Apr, 2017",Counter-Strike 2,In-Game Purchase,"3,65 TL","-3,65 TL","26,43 TL"
,Bestiary Sticker Capsule,Wallet,,,
"25 Apr, 2017","Purchased 10,00 TL Wallet Credit",Purchase,"10,00 TL","+10,00 TL","30,08 TL"
,,Visa **17,,,
"25 Apr, 2017","Purchased 20,00 TL Wallet Credit",Purchase,"20,00 TL","+20,00 TL","20,08 TL"
,,Visa **17,,,
"22 Apr, 2017",Steam Community Market,2 Market Transactions,"0,25 TL","-0,25 TL","0,08 TL"
,,Wallet,,,
"20 Apr, 2017",Steam Community Market,Market Transaction,"1,44 TL","-1,44 TL","0,33 TL"
,,Wallet,,,
"18 Apr, 2017",Steam Community Market,Market Transaction,"53,65 TL","-53,65 TL","1,77 TL"
,,Wallet,,,
"18 Apr, 2017",Steam Community Market,2 Market Transactions,"2,86 TL","+2,86 TL","55,42 TL"
,,Wallet,Credit,,
"18 Apr, 2017","Purchased 20,00 TL Wallet Credit",Purchase,"20,00 TL","+20,00 TL","52,56 TL"
,,Visa **17,,,
"18 Apr, 2017",Steam Community Market,2 Market Transactions,"18,94 TL","+18,94 TL","32,56 TL"
,,Wallet,Credit,,
"18 Apr, 2017",Steam Community Market,Market Transaction,"27,29 TL","-27,29 TL","13,62 TL"
,,Wallet,,,
"18 Apr, 2017",Steam Community Market,2 Market Transactions,"0,38 TL","+0,38 TL","40,91 TL"
,,Wallet,Credit,,
"18 Apr, 2017","Purchased 10,00 TL Wallet Credit",Purchase,"10,00 TL","+10,00 TL","40,53 TL"
,,Visa **17,,,
"18 Apr, 2017","Purchased 10,00 TL Wallet Credit",Purchase,"10,00 TL","+10,00 TL","30,53 TL"
,,Visa **17,,,
"18 Apr, 2017","Purchased 20,00 TL Wallet Credit",Purchase,"20,00 TL","+20,00 TL","20,53 TL"
,,Visa **17,,,
"17 Apr, 2017",Steam Community Market,Market Transaction,"0,46 TL","+0,46 TL","0,53 TL"
,,Wallet,Credit,,
"17 Apr, 2017",Steam Community Market,Market Transaction,"12,77 TL","-12,77 TL","0,07 TL"
,,Wallet,,,
"17 Apr, 2017","Purchased 10,00 TL Wallet Credit",Purchase,"10,00 TL","+10,00 TL","12,84 TL"
,,Visa **17,,,
"17 Apr, 2017",Steam Community Market,2 Market Transactions,"1,61 TL","+1,61 TL","2,84 TL"
,,Wallet,Credit,,
"17 Apr, 2017",Counter-Strike 2,In-Game Purchase,"3,65 TL","-3,65 TL","1,23 TL"
,Sugarface Sticker Capsule,Wallet,,,
"17 Apr, 2017",Counter-Strike 2,In-Game Purchase,"3,65 TL","-3,65 TL","4,88 TL"
,Bestiary Sticker Capsule,Wallet,,,
"16 Apr, 2017",Steam Community Market,8 Market Transactions,"8,03 TL","+8,03 TL","8,53 TL"
,,Wallet,Credit,,
"16 Apr, 2017",Steam Community Market,Market Transaction,"0,06 TL","-0,06 TL","0,50 TL"
,,Wallet,,,
"14 Apr, 2017",Steam Community Market,Market Transaction,"7,02 TL","-7,02 TL","0,56 TL"
,,Wallet,,,
"14 Apr, 2017",Counter-Strike 2,In-Game Purchase,"9,15 TL","-9,15 TL","7,58 TL"
,Spectrum Case Key,Wallet,,,
"14 Apr, 2017",Steam Community Market,2 Market Transactions,"13,49 TL","-13,49 TL","16,73 TL"
,,Wallet,,,
"14 Apr, 2017","Purchased 10,00 TL Wallet Credit",Purchase,"10,00 TL","+10,00 TL","30,22 TL"
,,Visa **17,,,
"14 Apr, 2017","Purchased 20,00 TL Wallet Credit",Purchase,"20,00 TL","+20,00 TL","20,22 TL"
,,Visa **17,,,
"13 Apr, 2017",Steam Community Market,3 Market Transactions,"4,41 TL","-4,41 TL","0,22 TL"
,,Wallet,,,
"12 Apr, 2017",Steam Community Market,Market Transaction,"0,02 TL","+0,02 TL","4,63 TL"
,,Wallet,Credit,,
"10 Apr, 2017",Steam Community Market,10 Market Transactions,"3,57 TL","+3,57 TL","4,61 TL"
,,Wallet,Credit,,
"16 Jan, 2017",Steam Community Market,Market Transaction,"1,30 TL","-1,30 TL","1,04 TL"
,,Wallet,,,
"2 Jun, 2016",Steam Community Market,Market Transaction,"2,60 TL","-2,60 TL","2,34 TL"
,,Wallet,,,
"31 May, 2016",Counter-Strike 2,In-Game Purchase,"7,50 TL","-7,50 TL","4,94 TL"
,Falchion Case Key,Wallet,,,
"31 May, 2016",Steam Community Market,Market Transaction,"0,49 TL","+0,49 TL","12,44 TL"
,,Wallet,Credit,,
"25 May, 2016",Steam Community Market,2 Market Transactions,"5,40 TL","+5,40 TL","11,95 TL"
,,Wallet,Credit,,
"12 May, 2016",Counter-Strike 2,In-Game Purchase,"6,95 TL","-6,95 TL","6,55 TL"
,Revolver Case Key,Wallet,,,
"12 May, 2016","Purchased 10,00 TL Wallet Credit",Purchase,"10,00 TL","+10,00 TL","13,50 TL"
,,Visa **17,,,
"12 May, 2016",Counter-Strike 2,In-Game Purchase,"6,95 TL","-6,95 TL","3,50 TL"
,Falchion Case Key,Wallet,,,
"11 May, 2016","Purchased 10,00 TL Wallet Credit",Purchase,"10,00 TL","+10,00 TL","10,45 TL"
,,Visa **17,,,
"8 May, 2016",Steam Community Market,2 Market Transactions,"12,39 TL","-12,39 TL","0,45 TL"
,,Wallet,,,
"8 May, 2016",60 Seconds!,Purchase,"18,00 TL","-18,00 TL","12,84 TL"
,,Wallet,,,
"6 May, 2016","Purchased 10,00 TL Wallet Credit",Purchase,"10,00 TL","+10,00 TL","30,84 TL"
,,Visa **17,,,
"6 May, 2016","Purchased 20,00 TL Wallet Credit",Purchase,"20,00 TL","+20,00 TL","20,84 TL"
,,Visa **17,,,
"6 May, 2016",Steam Community Market,Market Transaction,"2,23 TL","-2,23 TL","0,84 TL"
,,Wallet,,,
"6 May, 2016",Counter-Strike 2,In-Game Purchase,"6,95 TL","-6,95 TL","3,07 TL"
,Falchion Case Key,Wallet,,,
"6 May, 2016","Purchased 10,00 TL Wallet Credit",Purchase,"10,00 TL","+10,00 TL","10,02 TL"
,,Visa **17,,,
"3 May, 2016",Steam Community Market,2 Market Transactions,"10,78 TL","-10,78 TL","0,02 TL"
,,Wallet,,,
"1 May, 2016",Who's Your Daddy,Refund,"10,00 TL","+10,00 TL","10,80 TL"
,Refund,Wallet Credit,,,
"25 Apr, 2016",Steam Community Market,Market Transaction,"0,04 TL","+0,04 TL","0,80 TL"
,,Wallet,Credit,,
"24 Apr, 2016",Steam Community Market,2 Market Transactions,"0,23 TL","+0,23 TL","0,76 TL"
,,Wallet,Credit,,
"15 Apr, 2016",Who's Your Daddy,Purchase,"10,00 TL","-10,00 TL","0,53 TL"
,,Wallet,,,
"15 Apr, 2016","Purchased 10,00 TL Wallet Credit",Purchase,"10,00 TL","+10,00 TL","10,53 TL"
,,MasterCard **18,,,
"21 Feb, 2016",Steam Community Market,Market Transaction,"1,99 TL","-1,99 TL","0,53 TL"
,,Wallet,,,
"21 Feb, 2016",Steam Community Market,3 Market Transactions,"2,48 TL","+2,48 TL","2,52 TL"
,,Wallet,Credit,,
"12 Feb, 2016",Steam Community Market,Market Transaction,"0,71 TL","-0,71 TL","0,04 TL"
,,Wallet,,,
"12 Feb, 2016",Steam Community Market,4 Market Transactions,"0,15 TL","+0,15 TL","0,75 TL"
,,Wallet,Credit,,
"6 Feb, 2016",Steam Community Market,3 Market Transactions,"4,57 TL","-4,57 TL","0,60 TL"
,,Wallet,,,
"5 Feb, 2016",Steam Community Market,3 Market Transactions,"8,96 TL","-8,96 TL","5,17 TL"
,,Wallet,,,
"5 Feb, 2016",Geometry Dash,Purchase,"4,00 TL","-4,00 TL","14,13 TL"
,,Wallet,,,
"2 Feb, 2016",Plague Inc: Evolved,Purchase,"24,00 TL","-24,00 TL","18,13 TL"
,,Wallet,,,
"22 Jan, 2016",Steam Community Market,Market Transaction,"3,61 TL","+3,61 TL","42,13 TL"
,,Wallet,Credit,,
"21 Jan, 2016",Steam Community Market,Market Transaction,"3,77 TL","-3,77 TL","38,52 TL"
,,Wallet,,,
"16 Jan, 2016",Garry's Mod,Refund,"4,50 TL","+4,50 TL","42,29 TL"
,Refund,Wallet Credit,,,
"15 Jan, 2016",Steam Community Market,Market Transaction,"0,40 TL","+0,40 TL","37,79 TL"
,,Wallet,Credit,,
"15 Jan, 2016",The Forest,Purchase,"24,00 TL","-24,00 TL","37,39 TL"
,,Wallet,,,
"14 Jan, 2016",Call of Duty: Modern Warfare 2 (ROW),Refund,"24,50 TL","+24,50 TL","61,39 TL"
,Refund,Wallet Credit,,,
"9 Jan, 2016",Chivalry: Medieval Warfare,Refund,"3,90 TL","+3,90 TL","36,89 TL"
,Refund,Wallet Credit,,,
"9 Jan, 2016",ARK: Survival Evolved,Refund,"29,40 TL","+29,40 TL","32,99 TL"
,Refund,Wallet Credit,,,
"3 Jan, 2016",Goat Simulator + GoatZ,Purchase,"6,00 TL","-6,00 TL","3,59 TL"
,,Wallet,,,
"1 Jan, 2016",Ace of Spades: Battle Builder,Purchase,"6,00 TL","-6,00 TL","9,59 TL"
,,Wallet,,,
"30 Dec, 2015",Steam Community Market,Market Transaction,"0,44 TL","+0,44 TL","15,59 TL"
,,Wallet,Credit,,
"30 Dec, 2015",ARK: Survival Evolved,Purchase,"29,40 TL","-29,40 TL","15,15 TL"
,,Wallet,,,
"30 Dec, 2015",Chivalry: Medieval Warfare,Purchase,"3,90 TL","-3,90 TL","44,55 TL"
,,Wallet,,,
"30 Dec, 2015",Steam Community Market,4 Market Transactions,"9,99 TL","+9,99 TL","48,45 TL"
,,Wallet,Credit,,
"29 Dec, 2015",Call of Duty: Modern Warfare 2 (ROW),Purchase,"24,50 TL","-24,50 TL","38,46 TL"
,,Wallet,,,
"29 Dec, 2015",Garry's Mod,Purchase,"4,50 TL","-4,50 TL","62,96 TL"
,,Wallet,,,
"27 Dec, 2015",PAYDAY 2 - Pre-2024-08,Gift Purchase,"7,75 TL","-7,75 TL","67,46 TL"
,Picture,Wallet,,,
,Gift sent to ZeNcy,,,,
"27 Dec, 2015",Steam Community Market,Market Transaction,"0,66 TL","-0,66 TL","75,21 TL"
,,Wallet,,,
"26 Dec, 2015",PAYDAY 2 - Pre-2024-08,Gift Purchase,"7,75 TL","-7,75 TL","75,87 TL"
,Picture,Wallet,,,
,Gift sent to anam babam icin,,,,
"25 Dec, 2015",Steam Community Market,41 Market Transactions,"62,32 TL","+62,32 TL","83,62 TL"
,,Wallet,Credit,,
"25 Dec, 2015",PAYDAY 2 - Pre-2024-08,Purchase,"7,75 TL","-7,75 TL","21,30 TL"
,,Wallet,,,
"25 Dec, 2015",Steam Community Market,Market Transaction,"29,05 TL","+29,05 TL","29,05 TL"
,,Wallet,Credit,,
"22 Nov, 2015",Steam Community Market,Market Transaction,"0,61 TL","-0,61 TL","0,00 TL"
,,Wallet,,,
"20 Nov, 2015",Steam Community Market,2 Market Transactions,"5,14 TL","-5,14 TL","0,61 TL"
,,Wallet,,,
"20 Nov, 2015",Counter-Strike 2,In-Game Purchase,"7,30 TL","-7,30 TL","5,75 TL"
,Shadow Case Key,Wallet,,,
"20 Nov, 2015",Steam Community Market,2 Market Transactions,"4,60 TL","-4,60 TL","13,05 TL"
,,Wallet,,,
"19 Nov, 2015",Steam Community Market,2 Market Transactions,"17,53 TL","+17,53 TL","17,65 TL"
,,Wallet,Credit,,
"19 Nov, 2015",Steam Community Market,Market Transaction,"2,60 TL","-2,60 TL","0,12 TL"
,,Wallet,,,
"19 Nov, 2015",Counter-Strike 2,In-Game Purchase,"14,60 TL","-14,60 TL","2,72 TL"
,2 Shadow Case Key,Wallet,,,
"19 Nov, 2015",Counter-Strike 2,In-Game Purchase,"7,30 TL","-7,30 TL","17,32 TL"
,Shadow Case Key,Wallet,,,
"19 Nov, 2015",Steam Community Market,Market Transaction,"23,81 TL","-23,81 TL","24,62 TL"
,,Wallet,,,
"19 Nov, 2015",Steam Community Market,Market Transaction,"18,09 TL","+18,09 TL","48,43 TL"
,,Wallet,Credit,,
"17 Nov, 2015","Purchased 10,00 TL Wallet Credit",Purchase,"10,00 TL","+10,00 TL","30,34 TL"
,,Visa **17,,,
"17 Nov, 2015","Purchased 20,00 TL Wallet Credit",Purchase,"20,00 TL","+20,00 TL","20,34 TL"
,,Visa **17,,,
"14 Nov, 2015",Steam Community Market,2 Market Transactions,"3,38 TL","-3,38 TL","0,34 TL"
,,Wallet,,,
"8 Nov, 2015",Steam Community Market,4 Market Transactions,"2,84 TL","-2,84 TL","3,72 TL"
,,Wallet,,,
"7 Nov, 2015",Counter-Strike 2,In-Game Purchase,"5,85 TL","-5,85 TL","6,56 TL"
,Name Tag,Wallet,,,
"7 Nov, 2015",Counter-Strike 2,In-Game Purchase,"5,85 TL","-5,85 TL","12,41 TL"
,Name Tag,Wallet,,,
"7 Nov, 2015",Steam Community Market,Market Transaction,"40,75 TL","-40,75 TL","18,26 TL"
,,Wallet,,,
"7 Nov, 2015",Steam Community Market,Market Transaction,"25,06 TL","+25,06 TL","59,01 TL"
,,Wallet,Credit,,
"7 Nov, 2015",Steam Community Market,Market Transaction,"24,35 TL","-24,35 TL","33,95 TL"
,,Wallet,,,
"7 Nov, 2015","Purchased 50,00 TL Wallet Credit",Purchase,"50,00 TL","+50,00 TL","58,30 TL"
,,MasterCard **18,,,
"7 Nov, 2015",Steam Community Market,Market Transaction,"0,19 TL","+0,19 TL","8,30 TL"
,,Wallet,Credit,,
"7 Nov, 2015",Steam Community Market,Market Transaction,"5,32 TL","-5,32 TL","8,11 TL"
,,Wallet,,,
"6 Nov, 2015",Steam Community Market,2 Market Transactions,"0,27 TL","+0,27 TL","13,43 TL"
,,Wallet,Credit,,
"6 Nov, 2015",Steam Community Market,Market Transaction,"42,39 TL","-42,39 TL","13,16 TL"
,,Wallet,,,
"6 Nov, 2015",Steam Community Market,8 Market Transactions,"11,16 TL","+11,16 TL","55,55 TL"
,,Wallet,Credit,,
"2 Nov, 2015",Steam Community Market,Market Transaction,"5,40 TL","+5,40 TL","44,39 TL"
,,Wallet,Credit,,
"2 Nov, 2015",Steam Community Market,Market Transaction,"0,89 TL","-0,89 TL","38,99 TL"
,,Wallet,,,
"31 Oct, 2015",Steam Community Market,Market Transaction,"0,19 TL","+0,19 TL","39,88 TL"
,,Wallet,Credit,,
"30 Oct, 2015",Steam Community Market,Market Transaction,"7,32 TL","-7,32 TL","39,69 TL"
,,Wallet,,,
"30 Oct, 2015",Steam Community Market,2 Market Transactions,"5,61 TL","+5,61 TL","47,01 TL"
,,Wallet,Credit,,
"23 Oct, 2015",Steam Community Market,8 Market Transactions,"5,25 TL","-5,25 TL","41,40 TL"
,,Wallet,,,
"23 Oct, 2015",Steam Community Market,5 Market Transactions,"10,27 TL","+10,27 TL","46,65 TL"
,,Wallet,Credit,,
"23 Oct, 2015",Steam Community Market,Market Transaction,"3,50 TL","-3,50 TL","36,38 TL"
,,Wallet,,,
"21 Oct, 2015",Counter-Strike 2,In-Game Purchase,"7,30 TL","-7,30 TL","39,88 TL"
,Falchion Case Key,Wallet,,,
"16 Oct, 2015","Purchased 20,00 TL Wallet Credit",Purchase,"20,00 TL","+20,00 TL","47,18 TL"
,,MasterCard **18,,,
"16 Oct, 2015","Purchased 20,00 TL Wallet Credit",Purchase,"20,00 TL","+20,00 TL","27,18 TL"
,,MasterCard **18,,,
"16 Oct, 2015",Steam Community Market,Market Transaction,"1,21 TL","+1,21 TL","7,18 TL"
,,Wallet,Credit,,
"16 Oct, 2015",Counter-Strike 2,In-Game Purchase,"29,20 TL","-29,20 TL","5,97 TL"
,4 Falchion Case Key,Wallet,,,
"16 Oct, 2015",Steam Community Market,Market Transaction,"1,19 TL","+1,19 TL","35,17 TL"
,,Wallet,Credit,,
"16 Oct, 2015",Steam Community Market,Market Transaction,"8,00 TL","-8,00 TL","33,98 TL"
,,Wallet,,,
"9 Oct, 2015","Purchased 20,00 TL Wallet Credit",Purchase,"20,00 TL","+20,00 TL","41,98 TL"
,,MasterCard **18,,,
"9 Oct, 2015","Purchased 20,00 TL Wallet Credit",Purchase,"20,00 TL","+20,00 TL","21,98 TL"
,,MasterCard **18,,,
"9 Oct, 2015",Counter-Strike 2,In-Game Purchase,"7,30 TL","-7,30 TL","1,98 TL"
,Operation Breakout Case Key,Wallet,,,
"9 Oct, 2015",Counter-Strike 2,In-Game Purchase,"7,30 TL","-7,30 TL","9,28 TL"
,Falchion Case Key,Wallet,,,
"9 Oct, 2015",Counter-Strike 2,In-Game Purchase,"7,30 TL","-7,30 TL","16,58 TL"
,Shadow Case Key,Wallet,,,
"9 Oct, 2015","Purchased 20,00 TL Wallet Credit",Purchase,"20,00 TL","+20,00 TL","23,88 TL"
,,MasterCard **18,,,
"9 Oct, 2015",Counter-Strike 2,In-Game Purchase,"21,90 TL","-21,90 TL","3,88 TL"
,3 Falchion Case Key,Wallet,,,
"9 Oct, 2015",Counter-Strike 2,In-Game Purchase,"14,60 TL","-14,60 TL","25,78 TL"
,2 Shadow Case Key,Wallet,,,
"7 Oct, 2015","Purchased 10,00 TL Wallet Credit",Purchase,"10,00 TL","+10,00 TL","40,38 TL"
,,MasterCard **18,,,
"6 Oct, 2015",Steam Community Market,Market Transaction,"0,10 TL","+0,10 TL","30,38 TL"
,,Wallet,Credit,,
"4 Oct, 2015","Purchased 10,00 TL Wallet Credit",Purchase,"10,00 TL","+10,00 TL","30,28 TL"
,,MasterCard **18,,,
"4 Oct, 2015","Purchased 20,00 TL Wallet Credit",Purchase,"20,00 TL","+20,00 TL","20,28 TL"
,,MasterCard **18,,,
"4 Oct, 2015",Steam Community Market,Market Transaction,"31,33 TL","-31,33 TL","0,28 TL"
,,Wallet,,,
"3 Oct, 2015",Steam Community Market,2 Market Transactions,"0,76 TL","+0,76 TL","31,61 TL"
,,Wallet,Credit,,
"3 Oct, 2015","Purchased 10,00 TL Wallet Credit",Purchase,"10,00 TL","+10,00 TL","30,85 TL"
,,MasterCard **18,,,
"3 Oct, 2015","Purchased 20,00 TL Wallet Credit",Purchase,"20,00 TL","+20,00 TL","20,85 TL"
,,MasterCard **18,,,
"3 Oct, 2015",Steam Community Market,Market Transaction,"0,03 TL","+0,03 TL","0,85 TL"
,,Wallet,Credit,,
"2 Oct, 2015",Steam Community Market,6 Market Transactions,"3,93 TL","-3,93 TL","0,82 TL"
,,Wallet,,,
"2 Oct, 2015",Counter-Strike 2,In-Game Purchase,"7,30 TL","-7,30 TL","4,75 TL"
,Shadow Case Key,Wallet,,,
"2 Oct, 2015","Purchased 10,00 TL Wallet Credit",Purchase,"10,00 TL","+10,00 TL","12,05 TL"
,,MasterCard **18,,,
"2 Oct, 2015",Steam Community Market,Market Transaction,"3,47 TL","-3,47 TL","2,05 TL"
,,Wallet,,,
"2 Oct, 2015",Counter-Strike 2,In-Game Purchase,"14,60 TL","-14,60 TL","5,52 TL"
,2 Shadow Case Key,Wallet,,,
"1 Oct, 2015",Steam Community Market,Market Transaction,"0,02 TL","+0,02 TL","20,12 TL"
,,Wallet,Credit,,
"1 Oct, 2015","Purchased 20,00 TL Wallet Credit",Purchase,"20,00 TL","+20,00 TL","20,10 TL"
,,MasterCard **18,,,
"27 Sep, 2015",Steam Community Market,2 Market Transactions,"0,23 TL","-0,23 TL","0,10 TL"
,,Wallet,,,
"27 Sep, 2015",Steam Community Market,2 Market Transactions,"0,31 TL","+0,31 TL","0,33 TL"
,,Wallet,Credit,,
"27 Sep, 2015",Steam Community Market,2 Market Transactions,"5,41 TL","-5,41 TL","0,02 TL"
,,Wallet,,,
"26 Sep, 2015",Steam Community Market,Market Transaction,"3,92 TL","+3,92 TL","5,43 TL"
,,Wallet,Credit,,
"26 Sep, 2015",Counter-Strike 2,In-Game Purchase,"7,30 TL","-7,30 TL","1,51 TL"
,Chroma 2 Case Key,Wallet,,,
"26 Sep, 2015",Counter-Strike 2,In-Game Purchase,"7,30 TL","-7,30 TL","8,81 TL"
,Chroma 2 Case Key,Wallet,,,
"26 Sep, 2015",Steam Community Market,Market Transaction,"16,00 TL","+16,00 TL","16,11 TL"
,,Wallet,Credit,,
"25 Sep, 2015",Steam Community Market,2 Market Transactions,"0,37 TL","-0,37 TL","0,11 TL"
,,Wallet,,,
"25 Sep, 2015",Steam Community Market,Market Transaction,"0,10 TL","+0,10 TL","0,48 TL"
,,Wallet,Credit,,
"24 Sep, 2015",Steam Community Market,3 Market Transactions,"0,25 TL","-0,25 TL","0,38 TL"
,,Wallet,,,
"23 Sep, 2015",Steam Community Market,2 Market Transactions,"0,17 TL","+0,17 TL","0,63 TL"
,,Wallet,Credit,,
"21 Sep, 2015",Steam Community Market,2 Market Transactions,"0,22 TL","-0,22 TL","0,46 TL"
,,Wallet,,,
"20 Sep, 2015",Steam Community Market,3 Market Transactions,"0,39 TL","+0,39 TL","0,68 TL"
,,Wallet,Credit,,
"19 Sep, 2015",Steam Community Market,2 Market Transactions,"0,86 TL","-0,86 TL","0,29 TL"
,,Wallet,,,
"19 Sep, 2015",Steam Community Market,3 Market Transactions,"0,23 TL","+0,23 TL","1,15 TL"
,,Wallet,Credit,,
"18 Sep, 2015",Steam Community Market,Market Transaction,"1,09 TL","-1,09 TL","0,92 TL"
,,Wallet,,,
"18 Sep, 2015",Steam Community Market,Market Transaction,"0,71 TL","+0,71 TL","2,01 TL"
,,Wallet,Credit,,
"18 Sep, 2015",Steam Community Market,2 Market Transactions,"8,87 TL","-8,87 TL","1,30 TL"
,,Wallet,,,
"18 Sep, 2015","Purchased 10,00 TL Wallet Credit",Purchase,"10,00 TL","+10,00 TL","10,17 TL"
,,MasterCard **18,,,
"16 Sep, 2015",Steam Community Market,2 Market Transactions,"0,08 TL","+0,08 TL","0,17 TL"
,,Wallet,Credit,,
"16 Sep, 2015",Steam Community Market,Market Transaction,"0,57 TL","-0,57 TL","0,09 TL"
,,Wallet,,,
"16 Sep, 2015",Steam Community Market,Market Transaction,"0,06 TL","+0,06 TL","0,66 TL"
,,Wallet,Credit,,
"13 Sep, 2015",Steam Community Market,Market Transaction,"19,57 TL","-19,57 TL","0,60 TL"
,,Wallet,,,
"13 Sep, 2015","Purchased 20,00 TL Wallet Credit",Purchase,"20,00 TL","+20,00 TL","20,17 TL"
,,MasterCard **18,,,
"9 Sep, 2015",Steam Community Market,Market Transaction,"0,23 TL","-0,23 TL","0,17 TL"
,,Wallet,,,
"8 Sep, 2015",Steam Community Market,Market Transaction,"0,02 TL","+0,02 TL","0,40 TL"
,,Wallet,Credit,,
"6 Sep, 2015",Steam Community Market,2 Market Transactions,"0,38 TL","+0,38 TL","0,38 TL"
,,Wallet,Credit,,
"6 Sep, 2015",Steam Community Market,Market Transaction,"0,72 TL","-0,72 TL","0,00 TL"
,,Wallet,,,
"5 Sep, 2015",Steam Community Market,Market Transaction,"0,62 TL","+0,62 TL","0,72 TL"
,,Wallet,Credit,,
"4 Sep, 2015",Steam Community Market,3 Market Transactions,"0,09 TL","+0,09 TL","0,10 TL"
,,Wallet,Credit,,
"2 Sep, 2015",Steam Community Market,3 Market Transactions,"0,32 TL","-0,32 TL","0,01 TL"
,,Wallet,,,
"2 Sep, 2015",Steam Community Market,Market Transaction,"0,07 TL","+0,07 TL","0,33 TL"
,,Wallet,Credit,,
"2 Sep, 2015",Steam Community Market,2 Market Transactions,"0,16 TL","-0,16 TL","0,26 TL"
,,Wallet,,,
"2 Sep, 2015",Steam Community Market,Market Transaction,"0,40 TL","+0,40 TL","0,42 TL"
,,Wallet,Credit,,
"2 Sep, 2015",Steam Community Market,8 Market Transactions,"1,04 TL","-1,04 TL","0,02 TL"
,,Wallet,,,
"2 Sep, 2015",Steam Community Market,Market Transaction,"0,65 TL","+0,65 TL","1,06 TL"
,,Wallet,Credit,,
"2 Sep, 2015",Steam Community Market,6 Market Transactions,"29,62 TL","-29,62 TL","0,41 TL"
,,Wallet,,,
"1 Sep, 2015",Steam Community Market,Market Transaction,"0,03 TL","+0,03 TL","30,03 TL"
,,Wallet,Credit,,
"28 Aug, 2015","Purchased 10,00 TL Wallet Credit",Purchase,"10,00 TL","+10,00 TL","30,00 TL"
,,MasterCard **18,,,
"28 Aug, 2015","Purchased 20,00 TL Wallet Credit",Purchase,"20,00 TL","+20,00 TL","20,00 TL"
,,MasterCard **18,,,
"26 Aug, 2015",Steam Community Market,4 Market Transactions,"1,62 TL","-1,62 TL","0,00 TL"
,,Wallet,,,
"26 Aug, 2015",Steam Community Market,3 Market Transactions,"1,62 TL","+1,62 TL","1,62 TL"
,,Wallet,Credit,,
"5 Jul, 201",,,,,
